INSERT INTO users (id_user,email, password, type) VALUES (1,'ELMOUMNI.Bouchta@uae.ac.ma', 'GKVKOq2ZGR', 'president_univ');
INSERT INTO users (id_user,email, password, type) VALUES (2,'ROUDIES.Anas@uae.ac.ma', 'pM88U1P02tK', 'admin_univ');


INSERT INTO users (id_user,email, password, type) VALUES (3,'Zahiri.Hicham@uae.ac.ma', 'AudABqv', 'admin_etb');
INSERT INTO users (id_user,email, password, type) VALUES (4,'ZOUITA.ABDESALAM@uae.ac.ma', '7emyiTNsq3D', 'admin_etb');
INSERT INTO users (id_user,email, password, type) VALUES (5,'GUESSOUS.JENNATE@uae.ac.ma', 'TmWxa1veFzXi', 'admin_etb');
INSERT INTO users (id_user,email, password, type) VALUES (6,'MASROUR.AICHA@uae.ac.ma', 't1DLOnOzshsF', 'admin_etb');
INSERT INTO users (id_user,email, password, type) VALUES (7,'MHAMEDI.OMAR@uae.ac.ma', 'lfgOfWtg9', 'admin_etb');
INSERT INTO users (id_user,email, password, type) VALUES (8,'ABADAY.ABDELAAZIZ@uae.ac.ma','JC471776', 'admin_etb');
INSERT INTO users (id_user,email, password, type) VALUES (9,'ABAHAZIM.LARABASS@uae.ac.ma','JF43247', 'admin_etb');
INSERT INTO users (id_user,email, password, type) VALUES (10,'ABBASSI.MOHAMEDALI@uae.ac.ma','SH148684', 'admin_etb');


INSERT INTO users (id_user,email, password, type) VALUES (11,'DRISSI.Asma@uae.ac.ma', 'uVjiVOGCw5g', 'directeur_etb');
INSERT INTO users (id_user,email, password, type) VALUES (12,'DERRAZ.Malika@uae.ac.ma', 'UZ0QSp', 'directeur_etb');
INSERT INTO users (id_user,email, password, type) VALUES (13,'BELHADJ.Youssef@uae.ac.ma', 'Dlpx0taebL', 'directeur_etb');
INSERT INTO users (id_user,email, password, type) VALUES (14,'LAAROUSSI.Hamid@uae.ac.ma', '3mETMmk', 'directeur_etb');
INSERT INTO users (id_user,email, password, type) VALUES (15,'MOHAMED.CHEINE_Sidi@uae.ac.ma', 'Gnfl3vXfT1', 'directeur_etb');
INSERT INTO users (id_user,email, password, type) VALUES (16,'ABDLMOUGHIT.ATHMANI@uae.ac.ma','JC475671', 'directeur_etb');
INSERT INTO users (id_user,email, password, type) VALUES (17,'ABOUELKACEM.HAMZA@uae.ac.ma', ' JA145711', 'directeur_etb');     
INSERT INTO users (id_user,email, password, type) VALUES (18,'ABOUKHAM.ELBACHIR@uae.ac.ma','SH163624', 'directeur_etb');



INSERT INTO users (id_user,email, password, type) VALUES (19,'ElFassi.Mohamed@uae.ac.ma', 'bbkEHs',  'prof');
INSERT INTO users (id_user,email, password, type) VALUES (20,'Bennani.Fatima@uae.ac.ma', 'MOU8Ic', 'prof');
INSERT INTO users (id_user,email, password, type) VALUES (21,'Hassani.Ahmed@uae.ac.ma', 'sboulter2', 'prof');
INSERT INTO users (id_user,email, password, type) VALUES (22,'Lahmidi.Sara@uae.ac.ma', 'cbrampton5', 'prof');
INSERT INTO users (id_user,email, password, type) VALUES (23,'Mansouri.Amina@uae.ac.ma', 'zhauxley6', 'prof');
INSERT INTO users (id_user,email, password, type) VALUES (24,'Sahraoui.Ali@uae.ac.ma', 'rlavallie8', 'prof');
INSERT INTO users (id_user,email, password, type) VALUES (25,'BERRADA.Nafissa@uae.ac.ma', 'oskeech7', 'prof');
INSERT INTO users (id_user,email, password, type) VALUES (26,'BOUKHALFA.Mehdi@uae.ac.ma', 'twincott1', 'prof');
INSERT INTO users (id_user,email, password, type) VALUES (27,'BENSSID.Karim@uae.ac.ma', 'rhurworth3', 'prof');
INSERT INTO users (id_user,email, password, type) VALUES (28,'LECHHEB.Hela@uae.ac.ma', 'ghambrick0', 'prof');
INSERT INTO users (id_user,email, password, type) VALUES (29,'ELHIYADY.Adil@uae.ac.ma', 'sespinete', 'prof');
INSERT INTO users (id_user,email, password, type) VALUES (30,'TAZI.Rabia@uae.ac.ma', 'ftied24', 'prof');
INSERT INTO users (id_user,email, password, type) VALUES (31,'ZEKRI.Chaimae@uae.ac.ma', 'mm19kd', 'prof');
INSERT INTO users (id_user,email, password, type) VALUES (32,'ACHRAOUAQ.MAROUANE@uae.ac.ma', 'SH148483', 'prof');
INSERT INTO users (id_user,email, password, type) VALUES (33,'BARAAOUCH.ABDELGHANI@uae.ac.ma', 'JB413053', 'prof');
INSERT INTO users (id_user,email, password, type) VALUES (34,'BARI.MOHAMEDSALEH@uae.ac.ma', 'SH135266', 'prof');
INSERT INTO users (id_user,email, password, type) VALUES (35,'BELARABI.MOUHCINE@uae.ac.ma', 'SH157583', 'prof');
INSERT INTO users (id_user,email, password, type) VALUES (36,'BELGHMAIDI.ISMAIL@uae.ac.ma', 'SH152102', 'prof');                        
INSERT INTO users (id_user,email, password, type) VALUES (37,'ELKHABICH.AISSA@uae.ac.ma', 'WB147113', 'prof');
INSERT INTO users (id_user,email, password, type) VALUES (38,'ELMECHBOUK.MOHAMED@uae.ac.ma', 'JT19283', 'prof');   
INSERT INTO users (id_user,email, password, type) VALUES (39,'ELMIMOUNI.MARIEME@uae.ac.ma', 'J461104', 'prof');
INSERT INTO users (id_user,email, password, type) VALUES (40,'ELMOURANI.AYOUB@uae.ac.ma', 'SH168626', 'prof');
INSERT INTO users (id_user,email, password, type) VALUES (41,'ELAASRY.HAMID@uae.ac.ma', 'JB439670', 'prof');
INSERT INTO users (id_user,email, password, type) VALUES (42,'TOUIL.ABDELMOUGHIT@uae.ac.ma', 'JC472280', 'prof');
INSERT INTO users (id_user,email, password, type) VALUES (43,'YAGGOUTI.ZINEB@uae.ac.ma', 'SH145490', 'prof');
INSERT INTO users (id_user,email, password, type) VALUES (44,'ZEMHOUR.SOUFIANE@uae.ac.ma', 'JB440169', 'prof');







--etablissements






INSERT INTO etablissements (id, code, "Nom", "Telephone", "Faxe", ville, "Nbr_enseignants")
VALUES (99999,'ABD99','UAE', '0539979316', '0537890117', 'Tetouan',250);

INSERT INTO etablissements (id, code, "Nom", "Telephone", "Faxe", ville, "Nbr_enseignants")
VALUES (1,'ABD001','Ecole Supérieure Roi Fahd de Traduction', '05223 45678', '0537890123', 'Tanger',30);

INSERT INTO etablissements (id, code, "Nom", "Telephone", "Faxe", ville, "Nbr_enseignants") 
VALUES (2,'ABD002', 'Faculté des Sciences et Technique', '05378 90123', '0522654321', 'AL HOCIEMA', 25);

INSERT INTO etablissements (id, code, "Nom", "Telephone", "Faxe", ville, "Nbr_enseignants") 
VALUES (3,'ABD003', 'Faculté des Lettres et des Sciences Humaines ', '05244 56789', '0537234567', 'Tetouan', 35);

INSERT INTO etablissements (id, code, "Nom", "Telephone", "Faxe", ville, "Nbr_enseignants") 
VALUES (4,'ABD004', 'École Nationale de Commerce et de Gestion ', '0539612345', '0523398765', 'Tanger',50);

INSERT INTO etablissements (id, code, "Nom", "Telephone", "Faxe", ville, "Nbr_enseignants")
VALUES (5,'ABD005', 'École nationale des sciences appliquées', '0523398765', '0535432109', 'Tanger', 70);

INSERT INTO etablissements (id, code, "Nom", "Telephone", "Faxe", ville, "Nbr_enseignants")
VALUES (6,'ABD006', 'École nationale des sciences appliquées', '0537234567', '0524465432', 'Tetouan', 60);

INSERT INTO etablissements (id, code, "Nom", "Telephone", "Faxe", ville, "Nbr_enseignants")
VALUES (7,'ABD007', 'École nationale des sciences appliquées', '0524465432', '0539678901', 'AL HOCIEMA', 45);

INSERT INTO etablissements (id, code, "Nom", "Telephone", "Faxe", ville, "Nbr_enseignants")
VALUES (8,'ABD008', 'Faculté Polydisciplinaire', '0535432109', '0525543210', 'Larachecoe',20);



-- grades

INSERT INTO grades ("id_Grade",designation, charge_statutaire, "Taux_horaire_Vocation")
VALUES (1,'Professeur d Enseignemet Superieur(PES)', 190, 500);

INSERT INTO grades ("id_Grade",designation, charge_statutaire, "Taux_horaire_Vocation")
VALUES (2,'Professeur Habilite(PH)', 200, 400);


INSERT INTO grades ("id_Grade",designation, charge_statutaire, "Taux_horaire_Vocation")
VALUES (3,'Professeur Agrege(PA)', 240, 300);


--enseignants



INSERT INTO enseignants (id,"PPR", "Nom", prenom, "Date_Naissance", "Etablissement", "id_Grade", id_user)
VALUES (1,'234066', 'El Fassi','Mohamed', '1975-09-09', 1,1,19);

INSERT INTO enseignants (id,"PPR", "Nom", prenom, "Date_Naissance", "Etablissement", "id_Grade", id_user)
VALUES (2,'398583', 'Bennani', 'Fatima', '1985-09-20', 2, 1, 20);

INSERT INTO enseignants (id,"PPR", "Nom", prenom, "Date_Naissance", "Etablissement", "id_Grade", id_user)
VALUES (3,'720486', 'Hassani', 'Ahmed', '1992-02-15', 3, 1, 21);

INSERT INTO enseignants (id,"PPR", "Nom", prenom, "Date_Naissance", "Etablissement", "id_Grade", id_user)
VALUES (4,'1050958', 'Lahmidi', 'Sara', '1988-07-08', 4, 1, 22);

INSERT INTO enseignants (id,"PPR", "Nom", prenom, "Date_Naissance", "Etablissement", "id_Grade", id_user)
VALUES (5,'1172804', 'Mansouri', 'Amina', '1983-03-12', 5, 1, 23);

INSERT INTO enseignants (id,"PPR", "Nom", prenom, "Date_Naissance", "Etablissement", "id_Grade", id_user)
VALUES (6,'296976', 'Sahraoui', 'Ali', '1990-08-18', 6, 3, 24);


INSERT INTO enseignants (id,"PPR", "Nom", prenom, "Date_Naissance", "Etablissement", "id_Grade", id_user)
VALUES (7,'293459', 'BERRADA', 'Nafissa', '1989-05-15', 7,2,25 );

INSERT INTO enseignants (id,"PPR", "Nom", prenom, "Date_Naissance", "Etablissement", "id_Grade", id_user)
VALUES (8,'237456', 'BOUKHALFA', 'Mehdi', '1990-09-03', 8,2,26);

INSERT INTO enseignants (id,"PPR", "Nom", prenom, "Date_Naissance", "Etablissement", "id_Grade", id_user)
VALUES (9,'634789', 'BENSSID', 'Karim', '1987-11-26', 1,2,27);

INSERT INTO enseignants (id,"PPR", "Nom", prenom, "Date_Naissance", "Etablissement", "id_Grade", id_user)
VALUES (10,'689034', 'LECHHEB', 'Hela', '1992-02-18', 2,2,28);

INSERT INTO enseignants (id,"PPR", "Nom", prenom, "Date_Naissance", "Etablissement", "id_Grade", id_user)
VALUES (11,'247830', 'ELHIYADY', 'Adil', '1988-07-21', 3,2,29);

INSERT INTO enseignants (id,"PPR", "Nom", prenom, "Date_Naissance", "Etablissement", "id_Grade", id_user)
VALUES (12,'2345670', 'TAZI', 'Rabia', '1986-12-10', 4, 3,30);

INSERT INTO enseignants (id,"PPR", "Nom", prenom, "Date_Naissance", "Etablissement", "id_Grade", id_user)
VALUES (13,'334043', 'ZEKRI', 'Chaimae', '1991-04-07',5 ,3,31);

INSERT INTO enseignants (id,"PPR", "Nom", prenom, "Date_Naissance", "Etablissement", "id_Grade", id_user)
VALUES (14,'864050', 'ACHRAOUAQ', 'MAROUANE', '1985-08-29',6,3 ,32);

INSERT INTO enseignants (id,"PPR", "Nom", prenom, "Date_Naissance", "Etablissement", "id_Grade", id_user)
VALUES (15,'346032', 'BARAAOUCH', 'ABDELGHANI', '1993-01-12',6,3 ,33);

INSERT INTO enseignants (id,"PPR", "Nom", prenom, "Date_Naissance", "Etablissement", "id_Grade", id_user)
VALUES (16,'450667', 'BARI', 'MOHAMEDSALEH', '1984-06-08',7,3,34);

INSERT INTO enseignants (id,"PPR", "Nom", prenom, "Date_Naissance", "Etablissement", "id_Grade", id_user)
VALUES (17,'0543206', 'BELARABI', 'MOUHCINE', '1983-09-17', 8,1,35);

INSERT INTO enseignants (id,"PPR", "Nom", prenom, "Date_Naissance", "Etablissement", "id_Grade", id_user)
VALUES (18,'345540', 'BELGHMAIDI', 'ISMAIL', '1994-03-29',1,1,36);

INSERT INTO enseignants (id,"PPR", "Nom", prenom, "Date_Naissance", "Etablissement", "id_Grade", id_user)
VALUES (19,'345605', 'ELKHABICH', 'AISSA', '1982-11-05', 2, 2,37);

INSERT INTO enseignants (id,"PPR", "Nom", prenom, "Date_Naissance", "Etablissement", "id_Grade", id_user)
VALUES (20,'876507', 'ELMECHBOUK', 'MOHAMED', '1987-12-23', 2, 2,38);

INSERT INTO enseignants (id,"PPR", "Nom", prenom, "Date_Naissance", "Etablissement", "id_Grade", id_user)
VALUES (21,'458605', 'ELMIMOUNI', 'MARIEME', '1989-02-10',3,3,39);

INSERT INTO enseignants (id,"PPR", "Nom", prenom, "Date_Naissance", "Etablissement", "id_Grade", id_user)
VALUES (22,'987656', 'ELMOURANI', 'AYOUB', '1986-06-07', 3, 3,40);

INSERT INTO enseignants (id,"PPR", "Nom", prenom, "Date_Naissance", "Etablissement", "id_Grade", id_user)
VALUES (23,'758507', 'ELAASRY', 'HAMID', '1990-08-14', 1,1,41);

INSERT INTO enseignants (id,"PPR", "Nom", prenom, "Date_Naissance", "Etablissement", "id_Grade", id_user)
VALUES (24,'458760', 'TOUIL', 'ABDELMOUGHIT', '1984-04-30', 1,1,42);



INSERT INTO enseignants (id,"PPR", "Nom", prenom, "Date_Naissance", "Etablissement", "id_Grade", id_user)
VALUES (25,'234567', 'YAGGOUTI', 'ZINEB', '1981-07-19', 2, 3,43);

INSERT INTO enseignants (id,"PPR", "Nom", prenom, "Date_Naissance", "Etablissement", "id_Grade", id_user)
VALUES (26,'568745', 'ZEMHOUR', 'SOUFIANE','1990-10-28', 2, 3,44);





--administrateurs


 --universite

 
INSERT INTO administrateurs (id,"PPR","Nom", prenom, "Etablissement", id_user)
VALUES (1,'407801', 'ELMOUMNI' , 'Bouchta',99999 ,1);

INSERT INTO administrateurs (id,"PPR","Nom", prenom, "Etablissement", id_user)
VALUES (2,'387828', 'ROUDIES' , 'Anas',99999 ,2);

 -- admin_etb
INSERT INTO administrateurs (id,"PPR","Nom", prenom, "Etablissement", id_user)
VALUES (3,'387801', 'Zahiri', 'Hicham', 1, 3);

INSERT INTO administrateurs (id,"PPR","Nom", prenom, "Etablissement", id_user)
VALUES (4,'1051803', 'ZOUITA', 'ABDESALAM', 2, 4);

INSERT INTO administrateurs (id,"PPR","Nom", prenom, "Etablissement", id_user)
VALUES (5,'52230', 'GUESSOUS' , 'JENNATE', 3, 5);

INSERT INTO administrateurs (id,"PPR","Nom", prenom, "Etablissement", id_user)
VALUES (6,'988977', 'MASROUR', 'AICHA', 4, 6);

INSERT INTO administrateurs (id,"PPR","Nom", prenom, "Etablissement", id_user)
VALUES (7,'384301', 'MHAMEDI' , 'OMAR', 5,7 );

INSERT INTO administrateurs (id,"PPR","Nom", prenom, "Etablissement", id_user)
VALUES (8,'89230', 'ABADAY' , 'ABDELAAZIZ', 6,8 );

INSERT INTO administrateurs (id,"PPR","Nom", prenom, "Etablissement", id_user)
VALUES (9,'62230', 'ABAHAZIM' , 'LARABASS', 7, 9);

INSERT INTO administrateurs (id,"PPR","Nom", prenom, "Etablissement", id_user)
VALUES (10,'523020', 'ABBASSI' , 'MOHAMEDALI',8 , 10);

   --directeurs 

INSERT INTO administrateurs (id,"PPR","Nom", prenom, "Etablissement", id_user)
VALUES (11,'237654', 'DRISSI' , 'Asma', 1,11);

INSERT INTO administrateurs (id,"PPR","Nom", prenom, "Etablissement", id_user)
VALUES (12,'123765', 'DERRAZ' , 'Malika',2 ,12);

INSERT INTO administrateurs (id,"PPR","Nom", prenom, "Etablissement", id_user)
VALUES (13,'457206', 'BELHADJ' , 'Youssef', 3,13);

INSERT INTO administrateurs (id,"PPR","Nom", prenom, "Etablissement", id_user)
VALUES (14,'978034', 'LAAROUSSI' , 'Hamid', 4,14);

INSERT INTO administrateurs (id,"PPR","Nom", prenom, "Etablissement", id_user)
VALUES (15,'503953', 'CHEINE_Sidi' , 'MOHAMED', 5,15);

INSERT INTO administrateurs (id,"PPR","Nom", prenom, "Etablissement", id_user)
VALUES (16,'247832', 'ATHMANI' , 'ABDLMOUGHIT', 6,16);

INSERT INTO administrateurs (id,"PPR","Nom", prenom, "Etablissement", id_user)
VALUES (17,'346215', 'ABOUELKACEM' , 'HAMZA', 7,17);

INSERT INTO administrateurs (id,"PPR","Nom", prenom, "Etablissement", id_user)
VALUES (18,'120050', 'ABOUKHAM' , 'ELBACHIR',8 ,18);






--interventions 

INSERT INTO interventions (id_intervention,"id_Intervenant", "id_Etab", "Intitule_Intervention", "Annee_univ", "Semestre","Date_debut","Date_fin","Nbr_heures")
VALUES (1,1, 1,'Communication interculturelle', '2022/2023', 'Semestre 1', '2022-12-01', '2022-12-02', 8);

INSERT INTO interventions (id_intervention,"id_Intervenant", "id_Etab", "Intitule_Intervention", "Annee_univ", "Semestre","Date_debut","Date_fin","Nbr_heures")
VALUES (2,2, 1, 'Formation sur les nouvelles technologies', '2022/2023', 'Semestre 1', '2022-10-10', '2022-10-15', 30);

INSERT INTO interventions (id_intervention,"id_Intervenant", "id_Etab", "Intitule_Intervention", "Annee_univ", "Semestre","Date_debut","Date_fin","Nbr_heures")
VALUES (3,3, 3, 'Histoire de la littérature', '2022/2023', 'Semestre 2', '2023-04-10', '2023-05-20', 60);

INSERT INTO interventions (id_intervention,"id_Intervenant", "id_Etab", "Intitule_Intervention", "Annee_univ", "Semestre","Date_debut","Date_fin","Nbr_heures")
VALUES (4,4, 4, 'Stratégies de marketing multilingue', '2022/2023', 'Semestre 1', '2022-11-20', '2022-11-25', 25);

INSERT INTO interventions (id_intervention,"id_Intervenant", "id_Etab", "Intitule_Intervention", "Annee_univ", "Semestre","Date_debut","Date_fin","Nbr_heures")
VALUES (5,5, 5, 'Electronique', '2022/2023', 'Semestre 2', '2023-03-05', '2023-03-07', 15);

INSERT INTO interventions (id_intervention,"id_Intervenant", "id_Etab", "Intitule_Intervention", "Annee_univ", "Semestre","Date_debut","Date_fin","Nbr_heures")
VALUES (6,6, 6, 'Atelier de recherche', '2022/2023', 'Semestre 1', '2022-09-01', '2022-09-30', 20);

INSERT INTO interventions (id_intervention,"id_Intervenant", "id_Etab", "Intitule_Intervention", "Annee_univ", "Semestre","Date_debut","Date_fin","Nbr_heures")
VALUES (7,7,7 , 'Statistiques', '2021/2022', 'Semestre 1', '2021-09-01', '2022-01-30',10 );

INSERT INTO interventions (id_intervention,"id_Intervenant", "id_Etab", "Intitule_Intervention", "Annee_univ", "Semestre","Date_debut","Date_fin","Nbr_heures")
VALUES (8,8, 8, 'Mathematques', '2021/2022', 'Semestre 2', '2022-01-01', '2022-06-30', 50);

INSERT INTO interventions (id_intervention,"id_Intervenant", "id_Etab", "Intitule_Intervention", "Annee_univ", "Semestre","Date_debut","Date_fin","Nbr_heures")
VALUES (9,1, 1 , 'Théâtre et dramaturgie', '2021/2022', 'Semestre 2', '2022-03-01', '2022-06-30',10 );

INSERT INTO interventions (id_intervention,"id_Intervenant", "id_Etab", "Intitule_Intervention", "Annee_univ", "Semestre","Date_debut","Date_fin","Nbr_heures")
VALUES (10,2, 2, 'Algèbre linéaire', '2021/2022', 'Semestre 1', '2021-09-01', '2021-12-31', 60);

INSERT INTO interventions (id_intervention,"id_Intervenant", "id_Etab", "Intitule_Intervention", "Annee_univ", "Semestre","Date_debut","Date_fin","Nbr_heures")
VALUES (11,4,6 , 'Optimisation mathématique', '2020/2021', 'Semestre 1', '2020-09-01', '2022-01-30',12 );

INSERT INTO interventions (id_intervention,"id_Intervenant", "id_Etab", "Intitule_Intervention", "Annee_univ", "Semestre","Date_debut","Date_fin","Nbr_heures")
VALUES (12,3,3 , 'Poésie et création littéraire', '2020/2021', 'Semestre 2', '2022-12-31', '2022-04-30', 11);

INSERT INTO interventions (id_intervention,"id_Intervenant", "id_Etab", "Intitule_Intervention", "Annee_univ", "Semestre","Date_debut","Date_fin","Nbr_heures")
VALUES (13,1, 2, 'Analyse', '2020/2021', 'Semestre 1', '2020-09-01', '2022-09-30', 7);

INSERT INTO interventions (id_intervention,"id_Intervenant", "id_Etab", "Intitule_Intervention", "Annee_univ", "Semestre","Date_debut","Date_fin","Nbr_heures")
VALUES (14,2,1 , 'Philosophie et pensée critique', '2020/2021', 'Semestre 1', '2022-09-01', '2022-11-30', 20);



--paiements

INSERT INTO paiements (id,"id_Intervenant","id_Etab", "VH","Taux_H","Annee_univ", "Semestre")
                VALUES (1,1, 1, 150, 500, '2022/2023', 'Semestre 1');

INSERT INTO paiements (id,"id_Intervenant","id_Etab", "VH","Taux_H", "Annee_univ", "Semestre")
               VALUES (2,2, 2, 200, 500, '2022/2023', 'Semestre 1');

INSERT INTO paiements (id,"id_Intervenant","id_Etab", "VH","Taux_H", "Annee_univ", "Semestre")
               VALUES (3,1, 3, 50, 500, '2022/2023', 'Semestre 2');

INSERT INTO paiements (id,"id_Intervenant","id_Etab", "VH","Taux_H","Annee_univ", "Semestre")
                VALUES (4,1, 4, 50, 500, '2022/2023', 'Semestre 1');

INSERT INTO paiements (id,"id_Intervenant","id_Etab", "VH","Taux_H", "Annee_univ", "Semestre")
             VALUES (5,5, 5, 25, 500,'2022/2023', 'Semestre 2');

INSERT INTO paiements (id,"id_Intervenant","id_Etab", "VH","Taux_H", "Annee_univ", "Semestre")
                 VALUES (6,6, 6, 35, 400, '2022/2023', 'Semestre 1');

INSERT INTO paiements (id,"id_Intervenant","id_Etab", "VH","Taux_H", "Annee_univ", "Semestre")
                 VALUES (7,8,8,10,300,'2021/2022' ,'Semestre 1' );

INSERT INTO paiements (id,"id_Intervenant","id_Etab", "VH","Taux_H", "Annee_univ", "Semestre")
                 VALUES (8,8,8,12,300,'2021/2022','Semestre 2');



